<?xml version="1.0" ?><domain type="kvm">
<name>Ubuntu-Server-PLC</name>
<uuid>107b03a6-5d99-11e6-9477-000c29bf8d39</uuid>
<os>
        <type>hvm</type>
        <boot dev="hd"/>
        <boot dev="cdrom"/>
        <bootmenu enable="yes"/>
</os>
<features><pae/><acpi/><apic/></features>
<on_poweroff>destroy</on_poweroff>
<on_reboot>restart</on_reboot>
<on_crash>destroy</on_crash>
<clock offset="utc"/>
<memory>262144</memory>
<currentMemory>262144</currentMemory>
<vcpu>1</vcpu>
<bootScript>
</bootScript>
<shutdownScript>
</shutdownScript>
<devices>
<input bus="usb" type="tablet"/>
<disk device="disk" type="file">
        <driver name="qemu" type="qcow2"/>
        <source file="/tmp/adtp-master/hicloud/rootDir/localRoot/cow/107b03a6-5d99-11e6-9477-000c29bf8d39.img"/>
        <target bus="virtio" dev="vda"/>
</disk>
<disk device="cdrom" type="file">
    <source file="/vmc160/ubuntu-16.04.4-server-amd64.iso"/>
    <target bus="ide" dev="hdc"/>
</disk>
<graphics listen="0.0.0.0" port="-1" type="vnc"/>
<interface type="ethernet">
    <mac address="52:54:00:dc:f4:d7"/>
    <target dev="tap107b03a65d99"/>
    <model type="virtio"/>
</interface>
</devices>
</domain>