<domain type='kvm'>
	<name>ubuntu18.04.1-2c1</name>
<os>
	<type >hvm</type>
	<boot dev='hd'/>
	<boot dev='cdrom'/>
	<bootmenu enable='yes'/>
</os>
<features><pae/><acpi/><apic/></features>

<on_poweroff>destroy</on_poweroff>
<on_reboot>restart</on_reboot>
<on_crash>destroy</on_crash>
<clock offset="utc"/>
<memory>1048576</memory>
<currentMemory>1048576</currentMemory>
<vcpu>1</vcpu>
<bootScript>
</bootScript>
<shutdownScript>
</shutdownScript>
<devices>
<input type='tablet' bus='usb'/>
<disk type='file' device='disk'>
	<driver name="qemu" type="qcow2" />
	<source file='/vmc160/linux21.img'/>
	<target dev='vda' bus='virtio'/>
</disk>
<graphics type='vnc'  port='5911'  listen='0.0.0.0'  passwd='1234.com'  />
<interface type="ethernet">
    <mac address="52:54:00:dc:f4:c9"/>
    <target dev="tap1111"/>
    <model type="virtio"/>
</interface>
</devices>
</domain>
